filename,document_id,upload_http,status,error
doc_0001_sales_us-east.txt,981ce5e9-5852-4c32-a2a6-ed01006a68f4,202,ready,
doc_0002_support_eu-central.txt,1b858672-b9c8-4ce8-9ed5-6a18e4865c7a,202,ready,
doc_0003_ops_us-west.txt,d07f3a7a-bd91-4574-ae5e-d9faf29807c5,202,ready,
doc_0004_finance_ap-south.txt,6c2e71c4-b12a-459a-9818-a604d51b44a5,202,ready,
doc_0005_compliance_us-east.txt,350d98e1-cb8e-4aa4-821b-410ff20f6316,202,ready,
doc_0006_ops_eu-north.txt,eadbb487-e177-4488-8e2b-23e7464996cf,202,ready,
doc_0007_hr_latam.txt,02ab3136-9b8d-4df3-bdaf-715bd067479b,202,ready,
doc_0008_sales_eu-north.txt,634d6352-df85-49c5-b958-0999b15ac75b,202,ready,
doc_0009_compliance_us-east.txt,f072a6a0-f6d5-4509-9e1e-b21a33c7509d,202,ready,
doc_0010_compliance_eu-central.txt,b88d668f-738c-4e3e-ba65-9baafc23c092,202,ready,
doc_0011_engineering_eu-north.txt,44a14c84-3048-4c28-874e-e3fe060d2c28,202,ready,
doc_0012_engineering_eu-central.txt,2513a4ec-c8f2-4d48-96f5-e90030130a1f,202,ready,
doc_0013_compliance_eu-north.txt,754ee26a-d0d6-4dee-b435-c2bf8d00e3e2,202,ready,
doc_0014_ops_eu-central.txt,7af8a048-2c69-433c-b9c5-67e4f2f103fe,202,ready,
doc_0015_ops_us-east.txt,cfd02d32-d108-4387-9ef8-7e82c80e213d,202,ready,
doc_0016_support_us-west.txt,377f626f-e35a-4813-a0b0-f0892e5cfcc5,202,ready,
doc_0017_finance_eu-north.txt,fd4ba57e-ad45-436e-bed8-5121efa34796,202,ready,
doc_0018_ops_eu-central.txt,357db01d-d142-4d7b-a766-3562e1319c45,202,ready,
doc_0019_ops_us-west.txt,0169b17a-dbfe-43a3-b520-2685003160e2,202,ready,
doc_0020_engineering_ap-south.txt,6eac14f5-9144-4e35-898a-a786865f4a84,202,ready,
doc_0021_ops_us-west.txt,122d289e-1618-4ed2-9e51-119fa1693372,202,ready,
doc_0022_hr_eu-north.txt,96f5ad4a-5954-4685-8a07-8966bacca50a,202,ready,
doc_0023_compliance_latam.txt,6939d68a-697b-444e-966d-2b72048ca48a,202,ready,
doc_0024_risk_us-east.txt,79a1b112-c896-455f-ad96-b20e5a63764e,202,ready,
